{
  "tsStartGetAllAssetsKey": 188066.96240399964,
  "tsEndGetAllAssetsKey": 350543.733967999,
  "tsStartGetAllTxByKey": 350544.7878040001,
  "tsEndGetAllTxByKey": 358934.248776,
  "tsStartfabricGetTxReceiptByTxIDV1": 0,
  "numberOfTransactions": 100,
  "tsEndfabricGetTxReceiptByTxIDV1": 0,
  "tsStartgenerateLedgerStates": 188065.30054700002,
  "tsEndgenerateLedgerStates": 358937.53881699964,
  "tsStartgenerateSnapshot": 358938.4060729984,
  "tsEndgenerateSnapshot": 358938.70878099836,
  "tsStartGenerateView": 358939.88795499876,
  "tsEndGenerateView": 358954.8576849997,
  "tsStartTotalTime": 188049.4802719988,
  "tsEndTotalTime": 358956.8064589985,
  "tsStartTransactionsTime": 187958.4505599998,
  "tsEndTransactionsTime": 188010.83530299924
}