{
  "tsStartGetAllAssetsKey": 219384.86245900393,
  "tsEndGetAllAssetsKey": 221173.2095810026,
  "tsStartGetAllTxByKey": 253188.82620900124,
  "tsEndGetAllTxByKey": 254959.93393400311,
  "tsStartfabricGetTxReceiptByTxIDV1": 254959.99529299885,
  "numberOfTransactions": 10,
  "tsEndfabricGetTxReceiptByTxIDV1": 256772.17797800153,
  "tsStartgenerateLedgerStates": 219383.88455799967,
  "tsEndgenerateLedgerStates": 256805.00567100197,
  "tsStartgenerateSnapshot": 256806.16740500182,
  "tsEndgenerateSnapshot": 256806.35255900025,
  "tsStartGenerateView": 256807.19633500278,
  "tsEndGenerateView": 256842.26325000077,
  "tsStartTotalTime": 219374.04392400384,
  "tsEndTotalTime": 256846.67715299875,
  "tsStartTransactionsTime": 190752.17684999853,
  "tsEndTransactionsTime": 219372.40088500082
}