{
  "tsStartGetAllAssetsKey": 591096.3023070022,
  "tsEndGetAllAssetsKey": 592822.4099819995,
  "tsStartGetAllTxByKey": 758419.5141910017,
  "tsEndGetAllTxByKey": 760104.0508930013,
  "tsStartfabricGetTxReceiptByTxIDV1": 775115.5524360016,
  "numberOfTransactions": 100,
  "tsEndfabricGetTxReceiptByTxIDV1": 776803.2530790009,
  "tsStartgenerateLedgerStates": 591095.2867860012,
  "tsEndgenerateLedgerStates": 776980.2256029993,
  "tsStartgenerateSnapshot": 776981.1981969997,
  "tsEndgenerateSnapshot": 776981.5412559994,
  "tsStartGenerateView": 776982.4675379992,
  "tsEndGenerateView": 777062.5760970004,
  "tsStartTotalTime": 591088.4815299995,
  "tsEndTotalTime": 777189.1618189998,
  "tsStartTransactionsTime": 183869.75471699983,
  "tsEndTransactionsTime": 591087.1108880006
}