{
  "tsStartGetAllAssetsKey": 676916.3033309989,
  "tsEndGetAllAssetsKey": 678638.7855750024,
  "tsStartGetAllTxByKey": 842997.5304520018,
  "tsEndGetAllTxByKey": 844710.8069510013,
  "tsStartfabricGetTxReceiptByTxIDV1": 859515.8936589994,
  "numberOfTransactions": 100,
  "tsEndfabricGetTxReceiptByTxIDV1": 861157.3159720004,
  "tsStartgenerateLedgerStates": 676915.3176660016,
  "tsEndgenerateLedgerStates": 861338.2410399988,
  "tsStartgenerateSnapshot": 861339.1607629992,
  "tsEndgenerateSnapshot": 861339.2764950022,
  "tsStartGenerateView": 861340.0791519992,
  "tsEndGenerateView": 861459.1003339998,
  "tsStartTotalTime": 12340.61959400028,
  "tsEndTotalTime": 861555.6978779994,
  "tsStartTransactionsTime": 200109.30410899967,
  "tsEndTransactionsTime": 676907.3711050004
}